,Symbol,agg_Is_the_buyer_the_market_maker,agg_Price,agg_Quantity,ticker_Best_ask_price,ticker_Best_ask_quantity,ticker_Best_bid_price,ticker_Best_bid_quantity,ticker_First_trade_price,ticker_High_price,ticker_Last_price,ticker_Last_quantity,ticker_Low_price,ticker_Open_price,ticker_Price_change,ticker_Price_change_percent,ticker_Total_number_of_trades,ticker_Total_traded_base_asset_volume,ticker_Total_traded_quote_asset_volume,ticker_Weighted_average_price,ts,kline_1m_Base_asset_volume,kline_1m_Close_price,kline_1m_High_price,kline_1m_Is_this_kline_closed,kline_1m_Low_price,kline_1m_Number_of_trades,kline_1m_Open_price,kline_1m_Quote_asset_volume,kline_1m_Taker_buy_base_asset_volume,kline_1m_Taker_buy_quote_asset_volume
0,SCBTC,,,,7e-07,242304.0,6.9e-07,24211052.0,7e-07,7.1e-07,6.9e-07,35100.0,6.9e-07,7e-07,-1e-08,-1.429,1045.0,62248370.0,43.43632774,7e-07,2019-01-06 17:45:47.645634,,,,,,,,,,
1,SCBTC,,,,7e-07,2383018.0,6.9e-07,24105201.0,7e-07,7.1e-07,6.9e-07,35100.0,6.9e-07,7e-07,-1e-08,-1.429,1045.0,62248370.0,43.43632774,7e-07,2019-01-06 17:46:23.366484,0.0,6.9e-07,6.9e-07,0.0,6.9e-07,0.0,6.9e-07,0.00000000,0.00000000,0.00000000
2,SCBTC,,,,7e-07,2383018.0,6.9e-07,24207836.0,7e-07,7.1e-07,6.9e-07,35100.0,6.9e-07,7e-07,-1e-08,-1.429,1044.0,62167000.0,43.37936874,7e-07,2019-01-06 17:46:54.397518,0.0,6.9e-07,6.9e-07,0.0,6.9e-07,0.0,6.9e-07,0.00000000,0.00000000,0.00000000
3,SCBTC,,,,7e-07,2373018.0,6.9e-07,24199869.0,7e-07,7.1e-07,6.9e-07,35100.0,6.9e-07,7e-07,-1e-08,-1.429,1044.0,62167000.0,43.37936874,7e-07,2019-01-06 17:47:27.372048,0.0,6.9e-07,6.9e-07,0.0,6.9e-07,0.0,6.9e-07,0.00000000,0.00000000,0.00000000
