,Symbol,agg_Is_the_buyer_the_market_maker,agg_Price,agg_Quantity,ticker_Best_ask_price,ticker_Best_ask_quantity,ticker_Best_bid_price,ticker_Best_bid_quantity,ticker_First_trade_price,ticker_High_price,ticker_Last_price,ticker_Last_quantity,ticker_Low_price,ticker_Open_price,ticker_Price_change,ticker_Price_change_percent,ticker_Total_number_of_trades,ticker_Total_traded_base_asset_volume,ticker_Total_traded_quote_asset_volume,ticker_Weighted_average_price,ts,kline_1m_Base_asset_volume,kline_1m_Close_price,kline_1m_High_price,kline_1m_Is_this_kline_closed,kline_1m_Low_price,kline_1m_Number_of_trades,kline_1m_Open_price,kline_1m_Quote_asset_volume,kline_1m_Taker_buy_base_asset_volume,kline_1m_Taker_buy_quote_asset_volume
0,SYSBTC,,,,1.205e-05,17863.0,1.198e-05,1396.0,1.211e-05,1.236e-05,1.205e-05,3633.0,1.193e-05,1.212e-05,-7e-08,-0.578,1236.0,1329889.0,16.1136465,1.212e-05,2019-01-06 17:45:47.356128,,,,,,,,,,
1,SYSBTC,,,,1.205e-05,17863.0,1.198e-05,1396.0,1.211e-05,1.236e-05,1.205e-05,3633.0,1.193e-05,1.212e-05,-7e-08,-0.578,1236.0,1329889.0,16.1136465,1.212e-05,2019-01-06 17:46:20.362058,0.0,1.205e-05,1.205e-05,0.0,1.205e-05,0.0,1.205e-05,0.00000000,0.00000000,0.00000000
2,SYSBTC,,,,1.206e-05,2488.0,1.198e-05,1396.0,1.211e-05,1.236e-05,1.205e-05,3633.0,1.193e-05,1.212e-05,-7e-08,-0.578,1236.0,1329889.0,16.1136465,1.212e-05,2019-01-06 17:46:57.360427,0.0,1.205e-05,1.205e-05,0.0,1.205e-05,0.0,1.205e-05,0.00000000,0.00000000,0.00000000
3,SYSBTC,,,,1.205e-05,17863.0,1.198e-05,1396.0,1.211e-05,1.236e-05,1.205e-05,3633.0,1.193e-05,1.212e-05,-7e-08,-0.578,1236.0,1329889.0,16.1136465,1.212e-05,2019-01-06 17:47:32.374779,0.0,1.205e-05,1.205e-05,0.0,1.205e-05,0.0,1.205e-05,0.00000000,0.00000000,0.00000000
